age,gender,country,primary_platform,purpose,addiction_level,num_platforms_used,night_usage,sample_count,avg_daily_usage_hours,avg_session_minutes,avg_mental_health_score,avg_screen_time_before_sleep
15,Female,India,Instagram,Entertainment,Medium,4,1,122,3.5518298,25.841705,7.2436385,41.437965
20,Male,India,Instagram,Entertainment,Medium,1,1,118,3.6246269,25.4323,7.109992,40.36512
24,Male,India,Instagram,Entertainment,Medium,3,1,118,3.7002594,23.927132,7.029054,38.635044
27,Male,India,Instagram,Entertainment,Medium,5,1,118,3.6419911,25.615528,6.948784,40.135082
26,Female,India,Instagram,Entertainment,Medium,5,1,116,3.7972896,25.205622,7.040477,44.307255
27,Male,India,Instagram,Entertainment,Medium,4,1,115,3.6436412,25.33574,6.9669013,41.078827
17,Male,India,Instagram,Entertainment,Medium,3,1,114,3.6328874,25.793488,7.082779,40.290516
24,Female,India,Instagram,Entertainment,Medium,4,1,113,3.8225818,24.63239,6.976084,42.978077
25,Female,India,Instagram,Entertainment,Medium,4,1,113,3.651479,24.471432,6.978039,37.76051
19,Female,India,Instagram,Entertainment,Medium,2,1,112,3.7058952,25.432167,7.0259504,44.12085
22,Male,India,Instagram,Entertainment,Medium,1,1,112,3.7962813,25.323189,6.9133453,42.12354
19,Female,India,Instagram,Entertainment,Medium,3,1,111,3.6592681,23.672876,7.026352,37.498653
19,Female,India,Instagram,Entertainment,Medium,5,1,110,3.8832467,25.131374,6.9579153,37.09331
20,Male,India,Instagram,Entertainment,Medium,3,1,110,3.7213173,23.6353,6.994652,38.89837
26,Male,India,Instagram,Entertainment,Medium,3,1,110,3.7965264,25.984762,7.0343056,40.664722
23,Male,India,Instagram,Entertainment,Medium,1,1,109,3.6795158,23.820768,6.955776,42.376717
13,Female,India,Instagram,Entertainment,Medium,5,1,108,3.7125268,27.111858,7.101014,39.958378
21,Female,India,Instagram,Entertainment,Medium,3,1,108,3.5577512,23.430481,7.130235,39.769997
13,Male,India,Instagram,Entertainment,Medium,1,1,107,3.8308709,23.492352,7.032836,41.457283
21,Male,India,Instagram,Entertainment,Medium,1,1,107,3.826036,26.352335,7.040435,39.756233
14,Male,India,YouTube,Entertainment,Medium,4,1,107,3.7689083,26.581875,7.156611,42.257576
15,Female,India,Instagram,Entertainment,Medium,2,1,106,3.6327844,24.044806,6.906829,37.844555
15,Male,India,Instagram,Entertainment,Medium,4,1,106,3.7173603,22.780636,7.0854235,37.134155
17,Female,India,Instagram,Entertainment,Medium,5,1,106,3.7200012,25.187565,7.2018175,42.33306
19,Male,India,Instagram,Entertainment,Medium,5,1,106,3.7191803,24.537003,7.153928,34.66465
21,Male,India,Instagram,Entertainment,Medium,4,1,106,3.7356937,26.314617,7.084958,40.80607
23,Male,India,Instagram,Entertainment,Medium,5,1,106,3.6110916,26.515121,7.2290063,38.532837
19,Female,India,Instagram,Entertainment,Medium,4,1,105,3.7245934,25.44071,6.932971,38.965275
19,Male,India,Instagram,Entertainment,Medium,4,1,105,3.5912864,24.615051,7.323704,43.60074
21,Female,India,Instagram,Entertainment,Medium,5,1,105,3.5789356,24.677094,7.3401766,44.454468
24,Male,India,Instagram,Entertainment,Medium,2,1,105,3.7104259,24.121082,6.983472,40.605476
14,Female,India,Instagram,Entertainment,Medium,5,1,104,3.7316463,25.612936,6.892169,39.492958
14,Male,India,Instagram,Entertainment,Medium,5,1,104,3.6577199,25.383945,7.076329,40.34577
17,Male,India,Instagram,Entertainment,Medium,5,1,104,3.686955,25.561964,6.963529,44.180042
20,Female,India,Instagram,Entertainment,Medium,3,1,104,3.7402158,25.362833,6.936521,41.196617
20,Male,India,Instagram,Entertainment,Medium,5,1,104,3.6520848,24.818008,7.043199,39.421898
26,Male,India,Instagram,Entertainment,Medium,4,1,104,3.6571152,24.890436,7.0997696,38.722103
16,Male,India,YouTube,Entertainment,Medium,1,1,104,3.715386,26.847403,6.931466,42.251137
16,Male,India,Instagram,Entertainment,Medium,2,1,103,3.7712483,25.007187,7.045133,39.332245
24,Male,India,Instagram,Entertainment,Medium,1,1,103,3.5218654,24.11603,7.2756486,40.630127
25,Male,India,Instagram,Entertainment,Medium,3,1,103,3.6092281,24.723314,6.8354645,41.189465
26,Male,India,Instagram,Entertainment,Medium,2,1,103,3.656736,25.846539,7.088707,42.243034
14,Female,India,Instagram,Entertainment,Medium,2,1,102,3.6767082,25.961445,7.2323675,39.652214
18,Male,India,Instagram,Entertainment,Medium,1,1,102,3.6778328,26.998127,7.0724883,39.301758
18,Male,India,Instagram,Entertainment,Medium,5,1,102,3.7156208,25.15251,7.175734,38.175518
20,Female,India,Instagram,Entertainment,Medium,2,1,102,3.5543664,24.441807,7.1908135,41.769974
20,Female,India,Instagram,Entertainment,Medium,4,1,102,3.610393,23.743752,7.027644,39.097343
23,Male,India,TikTok,Entertainment,Medium,5,1,102,3.6258042,26.154896,6.9768105,41.850647
15,Male,India,Instagram,Entertainment,Medium,1,1,101,3.6108143,25.19576,7.1205626,37.385796
16,Female,India,Instagram,Entertainment,Medium,2,1,101,3.6497428,24.82753,6.9451814,40.16806
22,Male,India,Instagram,Entertainment,Medium,5,1,101,3.5980778,25.802628,7.0366426,42.164845
21,Female,India,Instagram,Entertainment,Medium,2,1,100,3.609881,24.20723,7.207606,38.86642
24,Female,India,Instagram,Entertainment,Medium,3,1,100,3.6103446,24.278055,6.7868385,41.141396
16,Male,India,TikTok,Entertainment,Medium,4,1,100,3.6382797,26.376532,7.0321336,37.416958
16,Female,India,YouTube,Entertainment,Medium,2,1,100,3.6748917,24.8997,7.081558,40.57776
14,Female,India,Instagram,Entertainment,Medium,4,1,99,3.8041158,24.274307,6.9346304,41.558113
18,Male,India,Instagram,Entertainment,Medium,4,1,99,3.6988187,26.206966,7.197966,36.308094
21,Male,India,Instagram,Entertainment,Medium,5,1,99,3.619407,24.79718,7.0589547,39.634117
22,Female,India,Instagram,Entertainment,Medium,2,1,99,3.7290573,24.502844,6.86918,39.52107
14,Male,India,Instagram,Entertainment,Medium,1,1,98,3.6643307,25.044216,7.0894485,40.81838
16,Male,India,Instagram,Entertainment,Medium,3,1,98,3.59207,25.544195,7.297824,39.502308
21,Male,India,Instagram,Entertainment,Medium,3,1,98,3.688134,23.41904,7.1324363,38.5326
25,Male,India,TikTok,Entertainment,Medium,3,1,98,3.6408417,26.58424,6.9472456,41.143566
26,Male,India,YouTube,Entertainment,Medium,3,1,98,3.6554146,24.286983,7.034959,43.032078
14,Male,India,Instagram,Entertainment,Medium,3,1,97,3.6510212,24.197243,7.0886855,40.6367
15,Female,India,Instagram,Entertainment,Medium,1,1,97,3.7711377,26.93334,6.9334693,42.050667
21,Female,India,Instagram,Entertainment,Medium,4,1,97,3.7494748,21.903906,6.8671227,40.236946
23,Female,India,Instagram,Entertainment,Medium,1,1,97,3.706131,24.996544,7.068915,39.379826
23,Female,India,Instagram,Entertainment,Medium,2,1,97,3.732179,24.570812,6.9650955,40.448986
24,Female,India,Instagram,Entertainment,Medium,5,1,97,3.6829402,25.51727,7.1740403,38.221054
26,Male,India,Instagram,Entertainment,Medium,5,1,97,3.6722503,25.91676,7.224064,40.18046
27,Female,India,Instagram,Entertainment,Medium,4,1,97,3.7998042,25.736828,6.9556837,39.977165
26,Female,India,YouTube,Entertainment,Medium,4,1,97,3.6597695,25.599842,7.1815577,38.339046
13,Female,India,Instagram,Entertainment,Medium,1,1,96,3.617244,27.17573,7.0768905,40.937546
24,Female,India,Instagram,Entertainment,Medium,1,1,96,3.661679,24.724874,7.091275,37.57888
25,Male,India,Instagram,Entertainment,Medium,4,1,96,3.6723716,25.04256,7.098095,38.942574
27,Male,India,Instagram,Entertainment,Medium,2,1,96,3.6814137,23.475462,6.815787,37.759754
17,Male,India,TikTok,Entertainment,Medium,3,1,96,3.8108025,25.408993,6.9916983,42.100597
14,Male,India,Instagram,Entertainment,Medium,2,1,95,3.6974635,23.069775,7.129284,43.071674
18,Female,India,Instagram,Entertainment,Medium,1,1,95,3.6940026,25.039692,7.042792,42.39237
19,Male,India,Instagram,Entertainment,Medium,1,1,95,3.624434,26.720205,6.988201,41.537403
19,Male,India,Instagram,Entertainment,Medium,2,1,95,3.72063,23.741413,6.994256,41.467396
23,Male,India,Instagram,Entertainment,Medium,4,1,95,3.820731,25.274876,7.002295,39.783142
24,Male,India,Instagram,Entertainment,Medium,4,1,95,3.6497111,27.596827,7.133574,40.313362
26,Female,India,Instagram,Entertainment,Medium,2,1,95,3.6534286,25.677689,6.9476776,39.599525
27,Female,India,Instagram,Entertainment,Medium,3,1,95,3.7582924,24.472935,6.916284,39.324444
24,Male,India,TikTok,Entertainment,Medium,1,1,95,3.7444081,26.515858,6.845169,39.78916
25,Male,India,TikTok,Entertainment,Medium,2,1,95,3.6780639,25.386318,7.155658,41.295555
21,Male,India,YouTube,Entertainment,Medium,1,1,95,3.6446457,24.953484,7.130295,39.880745
23,Male,India,YouTube,Entertainment,Medium,4,1,95,3.8019104,26.723444,7.102712,38.631912
27,Male,India,YouTube,Entertainment,Medium,3,1,95,3.7095447,25.144995,7.044465,43.6771
15,Female,India,Instagram,Entertainment,Medium,5,1,94,3.693428,26.142303,7.058628,36.32128
16,Female,India,Instagram,Entertainment,Medium,3,1,94,3.7254367,24.326807,7.0373993,40.69055
20,Male,India,Instagram,Entertainment,Medium,2,1,94,3.656855,24.613098,6.909438,40.311478
23,Female,India,Instagram,Entertainment,Medium,4,1,94,3.777544,24.963223,6.9926934,39.10019
25,Female,India,Instagram,Entertainment,Medium,1,1,94,3.6110523,25.41809,6.981435,39.47384
25,Female,India,Instagram,Entertainment,Medium,3,1,94,3.745174,23.989016,6.848142,41.17859
25,Male,India,Instagram,Entertainment,Medium,2,1,94,3.801677,25.89249,6.9286714,40.20288
27,Female,India,Instagram,Entertainment,Medium,5,1,94,3.6073978,24.508366,7.1734047,37.37426
25,Female,India,TikTok,Entertainment,Medium,2,1,94,3.64953,25.497799,6.9675117,42.99634
13,Female,India,Instagram,Entertainment,Medium,2,1,93,3.5722973,24.883167,7.2225776,37.499855
13,Male,India,Instagram,Entertainment,Medium,5,1,93,3.6741517,25.406166,7.1651926,41.366066
26,Female,India,Instagram,Entertainment,Medium,4,1,93,3.7144592,26.286108,6.991324,39.321465
19,Female,India,TikTok,Entertainment,Medium,4,1,93,3.6372705,23.859005,7.224823,39.348404
21,Female,India,TikTok,Entertainment,Medium,2,1,93,3.7003155,24.355986,7.0258813,42.881905
13,Female,India,YouTube,Entertainment,Medium,3,1,93,3.6896274,24.206604,7.2432227,41.271397
15,Male,India,YouTube,Entertainment,Medium,2,1,93,3.8754573,26.034296,6.8776383,38.662636
17,Male,India,YouTube,Entertainment,Medium,5,1,93,3.7321029,24.359972,6.820163,41.004196
21,Male,India,YouTube,Entertainment,Medium,4,1,93,3.5964992,24.757431,7.104258,40.379158
25,Male,India,YouTube,Entertainment,Medium,4,1,93,3.776303,24.149557,6.9581385,41.11003
16,Female,India,Instagram,Entertainment,Medium,5,1,92,3.6667187,26.130451,7.0487237,36.841927
18,Male,India,Instagram,Entertainment,Medium,2,1,92,3.6616864,23.673779,6.8982325,40.276978
22,Female,India,Instagram,Entertainment,Medium,5,1,92,3.6899986,23.998957,7.0856466,41.62298
23,Male,India,Instagram,Entertainment,Medium,2,1,92,3.6827302,27.402618,7.022448,41.18833
14,Female,India,TikTok,Entertainment,Medium,5,1,92,3.667333,23.328228,7.075389,40.44851
14,Male,India,TikTok,Entertainment,Medium,2,1,92,3.7285988,27.248459,6.9605727,38.24555
18,Male,India,TikTok,Entertainment,Medium,4,1,92,3.785614,24.464687,6.942504,35.78884
23,Female,India,TikTok,Entertainment,Medium,3,1,92,3.622163,25.46468,7.1393814,43.840813
15,Female,India,Instagram,Entertainment,Medium,3,1,91,3.6136642,25.307583,7.112117,41.70002
15,Male,India,Instagram,Entertainment,Medium,2,1,91,3.8579903,23.5621,6.966384,40.90094
20,Female,India,Instagram,Entertainment,Medium,1,1,91,3.5545585,25.415224,6.90191,36.472313
24,Male,India,Instagram,Entertainment,Medium,5,1,91,3.6049309,24.4457,7.0497236,39.04445
19,Female,India,TikTok,Entertainment,Medium,1,1,91,3.8713489,26.42208,7.0762033,42.184765
24,Male,India,TikTok,Entertainment,Medium,3,1,91,3.796126,25.565403,6.8454046,38.739902
14,Male,India,YouTube,Entertainment,Medium,2,1,91,3.6750684,23.579126,6.8552084,42.849083
25,Female,India,YouTube,Entertainment,Medium,4,1,91,3.6355157,25.338358,6.943015,39.881298
13,Male,India,Instagram,Entertainment,Medium,4,1,90,3.84156,24.114893,6.798612,42.33898
16,Female,India,Instagram,Entertainment,Medium,4,1,90,3.7450504,26.526957,7.1301165,37.896763
16,Male,India,Instagram,Entertainment,Medium,1,1,90,3.6047978,23.914108,7.112868,37.88372
20,Female,India,Instagram,Entertainment,Medium,5,1,90,3.658821,23.739435,7.330493,41.78087
26,Female,India,Instagram,Entertainment,Medium,3,1,90,3.652507,23.389717,7.0335875,37.73077
27,Female,India,Instagram,Entertainment,Medium,2,1,90,3.683258,25.21036,7.096658,37.438683
14,Female,India,TikTok,Entertainment,Medium,4,1,90,3.62262,22.792997,7.1422997,40.622803
15,Male,India,TikTok,Entertainment,Medium,5,1,90,3.629139,25.058039,6.9161453,42.209534
19,Female,India,TikTok,Entertainment,Medium,5,1,90,3.584922,26.655157,7.355015,35.995613
21,Male,India,TikTok,Entertainment,Medium,2,1,90,3.7481792,24.875937,7.08895,39.66475
22,Male,India,TikTok,Entertainment,Medium,2,1,90,3.773311,27.810053,7.189101,35.28678
16,Male,India,YouTube,Entertainment,Medium,3,1,90,3.8336518,25.931072,6.9443946,41.31408
19,Female,India,YouTube,Entertainment,Medium,4,1,90,3.6293483,24.846165,7.192121,39.403328
21,Male,India,YouTube,Entertainment,Medium,5,1,90,3.7190228,23.929504,7.1539955,40.859863
25,Female,India,YouTube,Entertainment,Medium,5,1,90,3.6643817,25.35442,7.076888,44.14127
17,Female,India,Instagram,Entertainment,Medium,1,1,89,3.6594296,24.019032,6.963014,39.22787
17,Male,India,Instagram,Entertainment,Medium,1,1,89,3.8063922,25.22749,6.934934,38.374485
18,Female,India,Instagram,Entertainment,Medium,4,1,89,3.6950755,25.935383,6.92518,41.277454
18,Female,India,Instagram,Entertainment,Medium,5,1,89,3.8980305,24.13139,6.800677,40.30321
22,Female,India,Instagram,Entertainment,Medium,3,1,89,3.5990963,24.197433,6.9674225,43.109932
19,Male,India,TikTok,Entertainment,Medium,3,1,89,3.7253613,24.713093,7.0463495,38.782013
22,Female,India,TikTok,Entertainment,Medium,3,1,89,3.6454136,26.190296,7.029277,38.5719
15,Female,India,YouTube,Entertainment,Medium,5,1,89,3.6812954,23.199657,7.08999,36.86084
17,Female,India,YouTube,Entertainment,Medium,5,1,89,3.7517211,24.53648,6.8707876,38.213703
17,Male,India,YouTube,Entertainment,Medium,1,1,89,3.6512406,25.026052,7.043948,37.19809
20,Female,India,YouTube,Entertainment,Medium,4,1,89,3.8915534,24.345182,6.7254763,37.704655
27,Female,India,YouTube,Entertainment,Medium,1,1,89,3.7027783,26.919912,7.0668364,42.446575
27,Female,India,YouTube,Entertainment,Medium,2,1,89,3.7806365,24.43672,7.023464,39.374107
13,Female,India,Instagram,Entertainment,Medium,4,1,88,3.8493462,23.183228,6.767553,37.774445
13,Male,India,Instagram,Entertainment,Medium,2,1,88,3.7975132,24.132008,6.8367524,42.480457
14,Female,India,Instagram,Entertainment,Medium,1,1,88,3.6179256,23.528963,7.2326636,41.382355
21,Female,India,Instagram,Entertainment,Medium,1,1,88,3.7542775,26.552698,6.7482653,41.898994
25,Male,India,Instagram,Entertainment,Medium,1,1,88,3.5626483,23.731583,7.1232543,40.81842
27,Female,India,Instagram,Entertainment,Medium,1,1,88,3.6578877,24.19856,6.925354,37.20069
18,Female,India,TikTok,Entertainment,Medium,3,1,88,3.6644719,26.428427,7.1766534,35.21528
19,Male,India,TikTok,Entertainment,Medium,1,1,88,3.7345173,25.696905,7.0852065,41.551537
23,Female,India,TikTok,Entertainment,Medium,4,1,88,3.692007,24.660944,6.8545713,39.166912
18,Male,India,YouTube,Entertainment,Medium,2,1,88,3.6176407,25.089909,7.0877914,41.629223
20,Male,India,YouTube,Entertainment,Medium,3,1,88,3.6297793,23.890333,7.2692885,41.595005
14,Female,India,Instagram,Entertainment,Medium,3,1,87,3.7411625,25.365168,7.0846047,42.37319
16,Male,India,Instagram,Entertainment,Medium,4,1,87,3.7633128,25.687815,7.0029235,36.059517
17,Female,India,Instagram,Entertainment,Medium,4,1,87,3.780444,25.97617,7.1059313,41.432995
18,Male,India,Instagram,Entertainment,Medium,3,1,87,3.6186702,25.301815,7.236918,37.851784
19,Female,India,Instagram,Entertainment,Medium,1,1,87,3.7298934,25.154385,6.9110007,39.647694
20,Male,India,Instagram,Entertainment,Medium,4,1,87,3.7285888,24.352468,7.112124,40.39537
23,Female,India,Instagram,Entertainment,Medium,5,1,87,3.7880301,25.380428,6.8641806,45.111336
25,Female,India,Instagram,Entertainment,Medium,2,1,87,3.7295945,25.102594,6.935518,40.886402
26,Male,India,Instagram,Entertainment,Medium,1,1,87,3.5141773,25.044186,7.1085043,40.057137
19,Male,India,TikTok,Entertainment,Medium,2,1,87,3.4718285,24.905369,7.102163,35.932606
15,Female,India,YouTube,Entertainment,Medium,2,1,87,3.61416,23.873573,7.0350623,42.478333
16,Female,India,YouTube,Entertainment,Medium,3,1,87,3.5901024,25.095009,7.101883,37.93119
17,Female,India,YouTube,Entertainment,Medium,1,1,87,3.5731537,24.252195,7.3430176,42.013813
19,Male,India,YouTube,Entertainment,Medium,1,1,87,3.682197,25.996378,6.9897127,41.493256
20,Male,India,YouTube,Entertainment,Medium,4,1,87,3.7128625,25.221882,7.3048964,41.91671
21,Female,India,YouTube,Entertainment,Medium,1,1,87,3.6329587,25.522144,6.911392,37.259087
21,Male,India,YouTube,Entertainment,Medium,3,1,87,3.6330783,26.67374,7.1866746,38.076225
22,Male,India,YouTube,Entertainment,Medium,3,1,87,3.7264876,24.197453,7.138818,42.291695
23,Female,India,YouTube,Entertainment,Medium,2,1,87,3.657208,24.502039,7.034723,39.86506
24,Male,India,YouTube,Entertainment,Medium,3,1,87,3.7201104,23.755192,6.791786,37.717033
26,Female,India,YouTube,Entertainment,Medium,2,1,87,3.7707698,25.43925,7.1529365,39.874065
27,Female,India,YouTube,Entertainment,Medium,5,1,87,3.7117214,25.436947,6.8728614,38.81035
17,Female,India,Instagram,Entertainment,Medium,3,1,86,3.7750657,24.22133,6.8461084,38.85498
19,Male,India,Instagram,Entertainment,Medium,3,1,86,3.609948,24.82504,7.118553,41.423347
25,Male,India,Instagram,Entertainment,Medium,5,1,86,3.6673877,25.364635,7.1754937,40.451935
26,Female,India,Instagram,Entertainment,Medium,1,1,86,3.6855247,24.868568,7.1354246,37.22987
13,Female,India,TikTok,Entertainment,Medium,5,1,86,3.7779026,25.27547,7.1121016,36.561405
14,Male,India,TikTok,Entertainment,Medium,4,1,86,3.6473694,24.906542,7.171628,41.22337
15,Female,India,TikTok,Entertainment,Medium,1,1,86,3.5343566,25.259007,7.232589,38.73078
17,Female,India,TikTok,Entertainment,Medium,5,1,86,3.7072074,26.36121,6.976474,40.30425
17,Male,India,TikTok,Entertainment,Medium,2,1,86,3.619264,24.68743,6.9234757,40.25858
24,Female,India,TikTok,Entertainment,Medium,2,1,86,3.7605846,25.518356,7.1224394,37.19236
24,Female,India,TikTok,Entertainment,Medium,4,1,86,3.8078244,25.052692,7.0359397,38.46446
13,Female,India,YouTube,Entertainment,Medium,4,1,86,3.7467213,24.575747,7.0439696,39.971672
24,Female,India,YouTube,Entertainment,Medium,3,1,86,3.4481282,24.868845,7.320472,40.904602
24,Male,India,YouTube,Entertainment,Medium,5,1,86,3.7057214,24.735165,6.7784553,40.557835
25,Male,India,YouTube,Entertainment,Medium,1,1,86,3.699269,26.137802,7.003171,43.103825
27,Male,India,YouTube,Entertainment,Medium,4,1,86,3.7876983,24.792177,6.8057,36.971413
15,Male,India,Instagram,Entertainment,Medium,3,1,85,3.777679,25.790537,6.958474,42.519558
16,Female,India,Instagram,Entertainment,Medium,1,1,85,3.7141292,26.46758,7.2257857,41.742786
18,Female,India,Instagram,Entertainment,Medium,2,1,85,3.6274571,25.065147,7.1414323,41.03155
19,Female,India,Instagram,Entertainment,Medium,5,0,85,3.5501754,24.35668,7.1890993,42.147945
22,Female,India,Instagram,Entertainment,Medium,1,1,85,3.7152839,26.848001,7.0621023,38.41468
17,Female,India,TikTok,Entertainment,Medium,3,1,85,3.696466,25.37958,7.092331,38.392345
18,Female,India,TikTok,Entertainment,Medium,1,1,85,3.6277065,23.258633,7.080466,38.538143
26,Female,India,TikTok,Entertainment,Medium,4,1,85,3.5379684,24.557077,7.104271,42.764343
16,Male,India,YouTube,Entertainment,Medium,4,1,85,3.6298537,23.025843,7.11955,37.95098
18,Male,India,YouTube,Entertainment,Medium,5,1,85,3.7302003,28.293987,6.91305,39.26457
19,Female,India,YouTube,Entertainment,Medium,2,1,85,3.7800288,26.17454,7.0017195,39.224453
19,Male,India,YouTube,Entertainment,Medium,5,1,85,3.7521605,22.975729,6.926084,39.427055
20,Male,India,YouTube,Entertainment,Medium,2,1,85,3.7300491,23.914845,7.0042505,42.841278
13,Female,India,Instagram,Entertainment,Medium,3,1,84,3.6869476,25.243378,6.965824,41.92901
17,Female,India,Instagram,Entertainment,Medium,2,1,84,3.6116118,24.641968,7.0723658,39.198814
17,Male,India,Instagram,Entertainment,Medium,4,1,84,3.706718,26.73934,6.8994536,39.008904
23,Female,India,Instagram,Entertainment,Medium,3,1,84,3.7050872,25.745554,7.1224504,37.20661
23,Male,India,Instagram,Entertainment,Medium,3,1,84,3.676361,24.666723,7.029052,41.405853
27,Male,India,Instagram,Entertainment,Medium,1,0,84,3.629107,24.874561,7.2337675,41.087532
16,Male,India,TikTok,Entertainment,Medium,2,1,84,3.6380146,24.178198,7.011332,41.797337
17,Male,India,TikTok,Entertainment,Medium,4,1,84,3.6913521,25.724157,6.993235,38.765495
18,Female,India,TikTok,Entertainment,Medium,2,1,84,3.7260685,23.856112,7.1665163,37.647324
20,Female,India,TikTok,Entertainment,Medium,2,1,84,3.7067711,25.945673,7.077464,41.662376
23,Male,India,TikTok,Entertainment,Medium,2,1,84,3.7741952,25.904263,6.933829,39.57731
26,Female,India,TikTok,Entertainment,Medium,1,1,84,3.7368035,26.323359,7.018205,41.14959
17,Male,India,YouTube,Entertainment,Medium,4,1,84,3.666692,25.146584,7.288034,42.520134
21,Female,India,YouTube,Entertainment,Medium,5,1,84,3.7527745,24.880213,7.0330153,39.400055
22,Male,India,YouTube,Entertainment,Medium,4,1,84,3.7899232,25.476511,6.852128,41.390614
23,Female,India,YouTube,Entertainment,Medium,4,1,84,3.4970562,26.107489,7.2245345,42.369675
24,Female,India,YouTube,Entertainment,Medium,4,1,84,3.6097622,24.497599,7.1036887,40.59644
26,Female,India,YouTube,Entertainment,Medium,1,1,84,3.7841725,25.32735,6.9511805,39.440388
15,Male,India,Instagram,Entertainment,Medium,5,1,83,3.7035663,26.849964,6.953032,38.311714
22,Female,India,Instagram,Entertainment,Medium,4,1,83,3.673266,26.546127,6.9135656,36.8455
25,Female,India,Instagram,Entertainment,Medium,3,0,83,3.759676,23.650848,7.0323477,38.72033
13,Male,India,TikTok,Entertainment,Medium,4,1,83,3.7122562,25.300901,7.017726,38.91936
15,Female,India,TikTok,Entertainment,Medium,2,1,83,3.655225,23.524303,7.2671385,39.736134
15,Male,India,TikTok,Entertainment,Medium,1,1,83,3.744012,25.61803,6.9035444,38.09191
16,Female,India,TikTok,Entertainment,Medium,1,1,83,3.6732635,24.947668,7.107974,41.715412
17,Female,India,TikTok,Entertainment,Medium,4,1,83,3.6484947,24.687916,6.8635025,35.68825
17,Male,India,TikTok,Entertainment,Medium,5,1,83,3.5491118,24.584856,7.0241623,37.339355
21,Male,India,TikTok,Entertainment,Medium,1,1,83,3.7994092,24.403532,7.1239305,38.51074
26,Female,India,TikTok,Entertainment,Medium,3,1,83,3.5703073,22.860723,7.2332306,38.767975
27,Female,India,TikTok,Entertainment,Medium,2,1,83,3.6741326,23.210941,6.909899,39.741974
18,Female,India,YouTube,Entertainment,Medium,5,1,83,3.7247703,25.46393,7.2058687,42.24157
18,Male,India,YouTube,Entertainment,Medium,3,1,83,3.8050232,26.12742,6.9332304,42.39666
19,Female,India,YouTube,Entertainment,Medium,1,1,83,3.6200042,23.807537,7.1653605,37.70388
19,Male,India,YouTube,Entertainment,Medium,2,1,83,3.5966244,25.024614,7.350666,40.720665
20,Female,India,YouTube,Entertainment,Medium,5,1,83,3.6319141,23.578108,7.2267256,41.113647
24,Female,India,YouTube,Entertainment,Medium,1,1,83,3.718328,26.157282,7.140815,40.186527
25,Male,India,YouTube,Entertainment,Medium,2,1,83,3.8128846,26.22668,7.023355,37.59181
14,Male,India,Instagram,Entertainment,Medium,4,1,82,3.5653229,25.6538,7.1528106,39.73456
16,Male,India,Instagram,Entertainment,Medium,5,1,82,3.679737,26.362387,6.890462,37.901123
18,Female,India,Instagram,Entertainment,Medium,3,1,82,3.6880221,24.692692,7.0839987,42.87072
27,Male,India,Instagram,Entertainment,Medium,1,1,82,3.6982815,24.312128,6.7823944,40.947216
27,Male,India,Instagram,Entertainment,Medium,3,1,82,3.6060967,22.817562,7.0091796,37.354893
18,Male,India,TikTok,Entertainment,Medium,3,1,82,3.6856754,27.08872,7.002173,36.52518
20,Female,India,TikTok,Entertainment,Medium,3,1,82,3.6958356,24.098858,6.8312926,41.743397
22,Female,India,TikTok,Entertainment,Medium,1,1,82,3.611405,23.375051,7.153417,39.321136
23,Male,India,TikTok,Entertainment,Medium,1,1,82,3.6783974,25.571148,7.1211367,40.402126
24,Male,India,TikTok,Entertainment,Medium,2,1,82,3.577655,25.81601,7.1795187,44.880413
26,Female,India,TikTok,Entertainment,Medium,2,1,82,3.591002,24.054659,7.243132,41.86727
26,Female,India,TikTok,Entertainment,Medium,5,1,82,3.7941883,25.255535,6.9866266,38.723534
15,Male,India,YouTube,Entertainment,Medium,4,1,82,3.7636256,26.072178,7.149971,40.454975
20,Female,India,YouTube,Entertainment,Medium,2,1,82,3.627201,25.289213,7.214606,37.73649
20,Male,India,YouTube,Entertainment,Medium,5,1,82,3.6987686,25.343643,7.0591354,39.954647
23,Male,India,YouTube,Entertainment,Medium,5,1,82,3.677166,24.915403,6.961421,42.153778
25,Female,India,YouTube,Entertainment,Medium,3,1,82,3.5723367,25.43037,6.9622064,43.13645
13,Male,India,TikTok,Entertainment,Medium,1,1,81,3.7038682,25.42064,7.026413,38.855885
13,Male,India,TikTok,Entertainment,Medium,5,1,81,3.7357566,25.165756,7.054059,43.524803
18,Female,India,TikTok,Entertainment,Medium,4,1,81,3.7258873,25.033419,7.0118284,37.867664
23,Male,India,TikTok,Entertainment,Medium,4,1,81,3.5678496,26.570307,7.048108,42.642445
24,Female,India,TikTok,Entertainment,Medium,5,1,81,3.516873,24.028332,7.0435433,42.136597
25,Female,India,TikTok,Entertainment,Medium,3,1,81,3.8057106,24.732758,6.803355,40.64959
27,Female,India,TikTok,Entertainment,Medium,5,1,81,3.82421,24.02185,7.0685873,38.13852
27,Male,India,TikTok,Entertainment,Medium,2,1,81,3.746058,24.753994,7.04312,42.66995
13,Male,India,YouTube,Entertainment,Medium,2,1,81,3.702187,24.42438,7.176383,38.50775
13,Male,India,YouTube,Entertainment,Medium,3,1,81,3.7651963,25.09402,6.8787513,38.480293
14,Female,India,YouTube,Entertainment,Medium,4,1,81,3.660118,26.977406,7.028798,42.5274
19,Female,India,YouTube,Entertainment,Medium,5,1,81,3.7051244,24.92857,6.940271,40.429604
22,Female,India,YouTube,Entertainment,Medium,3,1,81,3.581122,25.46736,7.008119,39.729828
24,Female,India,YouTube,Entertainment,Medium,2,1,81,3.5958905,25.218594,7.3210206,37.629135
24,Female,India,YouTube,Entertainment,Medium,5,1,81,3.5961087,24.459631,7.2560167,39.891724
25,Female,India,YouTube,Entertainment,Medium,2,1,81,3.6620636,23.699041,7.2062416,39.55108
25,Male,India,YouTube,Entertainment,Medium,5,1,81,3.768027,24.336927,7.0688477,39.518444
26,Male,India,YouTube,Entertainment,Medium,4,1,81,3.6664467,24.487442,6.937627,39.8432
17,Male,India,Instagram,Entertainment,Medium,2,1,80,3.745809,25.055143,6.811155,39.213226
22,Male,India,Instagram,Entertainment,Medium,2,1,80,3.7895863,26.650208,7.064856,40.475594
14,Male,India,TikTok,Entertainment,Medium,5,1,80,3.6063793,24.567923,7.1797423,39.175026
18,Male,India,TikTok,Entertainment,Medium,2,1,80,3.703534,23.365961,7.082698,37.021202
19,Male,India,TikTok,Entertainment,Medium,5,1,80,3.7361245,25.641546,6.795642,42.929558
21,Male,India,TikTok,Entertainment,Medium,5,1,80,3.658846,25.490067,6.9477186,43.52856
22,Male,India,TikTok,Entertainment,Medium,5,1,80,3.7836716,24.91116,7.1205277,38.78275
24,Female,India,TikTok,Entertainment,Medium,3,1,80,3.6441052,24.845959,7.0624704,39.09121
25,Male,India,TikTok,Entertainment,Medium,5,1,80,3.8640072,25.7951,7.031709,43.160297
26,Male,India,TikTok,Entertainment,Medium,1,1,80,3.7510028,24.989697,6.8972983,36.638985
27,Male,India,TikTok,Entertainment,Medium,5,1,80,3.7005858,23.06757,7.0713377,43.626976
14,Female,India,YouTube,Entertainment,Medium,3,1,80,3.68743,24.030165,7.0666428,39.62908
15,Male,India,YouTube,Entertainment,Medium,3,1,80,3.7663581,23.08381,6.873905,41.91288
27,Female,India,YouTube,Entertainment,Medium,3,1,80,3.790834,25.141031,7.0356827,42.405117
15,Male,India,Instagram,Entertainment,Medium,5,0,79,3.6688638,26.199427,7.179886,38.84637
22,Male,India,Instagram,Entertainment,Medium,4,1,79,3.7327049,25.12769,6.985658,39.847965
14,Female,India,TikTok,Entertainment,Medium,3,1,79,3.599411,24.906044,7.3879075,40.844376
15,Female,India,TikTok,Entertainment,Medium,3,1,79,3.638131,25.346811,7.071721,38.01494
15,Female,India,TikTok,Entertainment,Medium,5,1,79,3.8091493,26.412989,6.9609313,41.78598
16,Female,India,TikTok,Entertainment,Medium,3,1,79,3.737999,26.692698,6.8902884,41.09388
19,Female,India,TikTok,Entertainment,Medium,3,1,79,3.782002,24.572016,6.9670243,35.941322
20,Female,India,TikTok,Entertainment,Medium,5,1,79,3.7455697,25.609509,6.807725,40.230614
21,Female,India,TikTok,Entertainment,Medium,5,1,79,3.5945363,26.088444,7.062078,41.387657
24,Female,India,TikTok,Entertainment,Medium,1,1,79,3.7613316,23.684166,6.834816,37.884075
26,Male,India,TikTok,Entertainment,Medium,5,1,79,3.7646394,23.995975,6.985505,40.010994
27,Male,India,TikTok,Entertainment,Medium,1,1,79,3.7521286,25.65839,6.814084,41.43535
16,Female,India,YouTube,Entertainment,Medium,5,1,79,3.832723,25.840443,7.0791297,38.870026
18,Male,India,YouTube,Entertainment,Medium,1,1,79,3.7000167,22.899664,6.8772697,36.353416
26,Female,India,YouTube,Entertainment,Medium,5,1,79,3.6188693,24.171116,7.1643877,39.359673
13,Female,India,Instagram,Entertainment,Medium,1,0,78,3.5878742,24.015238,7.0185633,45.900974
13,Male,India,Instagram,Entertainment,Medium,3,1,78,3.6859252,23.871449,6.9922,35.927727
26,Male,India,Instagram,Entertainment,Medium,3,0,78,3.8399532,25.21158,7.2057905,40.360237
14,Female,India,TikTok,Entertainment,Medium,2,1,78,3.7738845,25.22273,6.885583,43.887466
20,Female,India,TikTok,Entertainment,Medium,4,1,78,3.5674834,23.894459,7.1888695,42.93544
25,Female,India,TikTok,Entertainment,Medium,4,1,78,3.5925705,23.56296,6.9921217,37.46802
27,Male,India,TikTok,Entertainment,Medium,4,1,78,3.6726635,23.946287,7.15876,37.76348
13,Male,India,YouTube,Entertainment,Medium,1,1,78,3.7551875,25.800304,6.9516153,43.631737
13,Male,India,YouTube,Entertainment,Medium,5,1,78,3.7777066,24.967676,7.118764,40.3332
14,Male,India,YouTube,Entertainment,Medium,3,1,78,3.605249,24.169842,7.3559175,41.187176
16,Male,India,YouTube,Entertainment,Medium,2,1,78,3.6822782,25.285124,7.066634,37.936638
18,Female,India,YouTube,Entertainment,Medium,2,1,78,3.766255,25.276892,6.9360595,38.724297
18,Female,India,YouTube,Entertainment,Medium,4,1,78,3.6720932,26.40915,6.9877877,40.336674
20,Female,India,YouTube,Entertainment,Medium,1,1,78,3.653474,26.043467,7.3313,38.31762
21,Female,India,YouTube,Entertainment,Medium,2,1,78,3.7012074,27.957422,7.1250505,42.317295
22,Male,India,YouTube,Entertainment,Medium,2,1,78,3.810393,27.09975,6.9362235,40.585167
19,Female,India,Instagram,Entertainment,Medium,3,0,77,3.6801097,24.884241,7.153894,39.874123
25,Female,India,Instagram,Entertainment,Medium,5,1,77,3.6584325,25.050045,6.9990816,41.936134
13,Male,India,TikTok,Entertainment,Medium,2,1,77,3.7164242,27.292328,7.018261,34.887074
14,Male,India,TikTok,Entertainment,Medium,1,1,77,3.8324642,24.670918,7.035655,39.9938
17,Female,India,TikTok,Entertainment,Medium,2,1,77,3.7443073,24.955015,6.820314,36.845894
17,Male,India,TikTok,Entertainment,Medium,1,1,77,3.614521,26.242786,7.1532354,37.752472
20,Male,India,TikTok,Entertainment,Medium,3,1,77,3.7022686,23.587215,7.13379,38.761272
20,Male,India,TikTok,Entertainment,Medium,4,1,77,3.7536216,25.273045,7.1816397,38.231503
21,Male,India,TikTok,Entertainment,Medium,4,1,77,3.777557,24.73779,6.999775,41.004967
27,Female,India,TikTok,Entertainment,Medium,4,1,77,3.671704,26.901361,7.1404047,42.201782
13,Female,India,YouTube,Entertainment,Medium,2,1,77,3.743997,28.445896,7.1819305,36.743828
14,Female,India,YouTube,Entertainment,Medium,5,1,77,3.634398,23.734215,7.1083803,39.610237
22,Female,India,YouTube,Entertainment,Medium,1,1,77,3.6091619,27.066803,7.1015587,42.29871
24,Male,India,YouTube,Entertainment,Medium,2,1,77,3.5318375,26.169931,7.0699286,42.358345
26,Male,India,YouTube,Entertainment,Medium,5,1,77,3.695073,26.05054,7.1538606,36.69903
27,Male,India,YouTube,Entertainment,Medium,5,1,77,3.6570175,24.799711,7.167407,37.27923
26,Female,USA,Instagram,Entertainment,Medium,2,1,77,3.7356384,25.306276,7.019269,42.674366
14,Female,India,Instagram,Entertainment,Medium,1,0,76,3.7213929,24.539066,7.2141924,42.50242
21,Male,India,Instagram,Entertainment,Medium,2,1,76,3.745549,24.73685,6.8294053,40.1968
15,Female,India,TikTok,Entertainment,Medium,4,1,76,3.7283828,24.106962,6.925859,39.191322
16,Female,India,TikTok,Entertainment,Medium,4,1,76,3.6046512,26.889637,7.295671,42.00394
16,Male,India,TikTok,Entertainment,Medium,3,1,76,3.7257018,26.049347,7.1910186,40.080242
22,Female,India,TikTok,Entertainment,Medium,2,1,76,3.7253468,28.542603,6.967897,42.521126
23,Female,India,TikTok,Entertainment,Medium,5,1,76,3.7199283,25.177973,6.9891787,38.065933
25,Female,India,TikTok,Entertainment,Medium,5,1,76,3.6988358,23.862701,7.1539445,37.411964
25,Male,India,TikTok,Entertainment,Medium,1,1,76,3.729384,25.087177,7.218938,43.89423
26,Male,India,TikTok,Entertainment,Medium,2,1,76,3.7022579,25.55242,6.7932196,37.3686
26,Male,India,TikTok,Entertainment,Medium,4,1,76,3.5587692,25.907211,7.298546,36.259514
17,Male,India,YouTube,Entertainment,Medium,2,1,76,3.6160533,26.611578,6.9163423,39.81463
21,Female,India,YouTube,Entertainment,Medium,4,1,76,3.7028859,25.816788,6.904831,40.753117
24,Male,India,YouTube,Entertainment,Medium,4,1,76,3.5271378,24.182896,7.152804,41.16432
26,Male,India,YouTube,Entertainment,Medium,1,1,76,3.8242302,25.860065,6.851027,38.458683
26,Male,India,YouTube,Entertainment,Medium,2,1,76,3.7046883,24.158312,7.048133,38.073814
15,Female,India,Instagram,Entertainment,Medium,3,0,75,3.5834935,24.976446,7.247223,41.912884
16,Female,India,Instagram,Socializing,Medium,1,1,75,3.7301621,24.806143,7.072098,36.443962
22,Male,India,Instagram,Entertainment,Medium,3,1,75,3.7270882,24.630817,7.0181627,37.86623
26,Male,India,Instagram,Socializing,Medium,4,1,75,3.792649,25.108555,7.060228,44.68559
13,Female,India,TikTok,Entertainment,Medium,4,1,75,3.6370187,25.147617,6.942487,41.554474
15,Male,India,TikTok,Entertainment,Medium,2,1,75,3.7593741,25.338657,6.9860964,35.11781
15,Male,India,TikTok,Entertainment,Medium,4,1,75,3.7261596,25.166483,6.936835,41.647514
20,Male,India,TikTok,Entertainment,Medium,2,1,75,3.757732,25.360237,6.941864,42.620598
21,Female,India,TikTok,Entertainment,Medium,1,1,75,3.6261373,25.00143,7.236084,45.419796
22,Female,India,TikTok,Entertainment,Medium,5,1,75,3.7019627,23.619009,7.1111994,35.412914
13,Female,India,YouTube,Entertainment,Medium,1,1,75,3.7779388,27.205097,6.9256516,39.09611
13,Male,India,YouTube,Entertainment,Medium,4,1,75,3.6856906,24.669056,7.0581436,42.011436
15,Female,India,YouTube,Entertainment,Medium,4,1,75,3.5926251,24.954426,7.1417985,41.02227
19,Male,India,YouTube,Entertainment,Medium,4,1,75,3.6097674,24.975391,7.0545907,38.0201
21,Female,India,YouTube,Entertainment,Medium,3,1,75,3.7371364,25.843912,6.87536,37.363018
23,Female,India,YouTube,Entertainment,Medium,1,1,75,3.6887677,24.628056,7.046,34.305874
25,Female,India,YouTube,Entertainment,Medium,1,1,75,3.598531,26.132593,7.133548,36.607502
18,Female,India,Instagram,Entertainment,Medium,3,0,74,3.6720119,24.45393,7.2050905,43.357967
19,Female,India,Instagram,Entertainment,Medium,1,0,74,3.657648,24.880772,7.0753417,41.559223
19,Male,India,Instagram,Entertainment,Medium,2,0,74,3.733728,23.32336,7.007379,39.475742
21,Female,India,Instagram,Entertainment,Medium,3,0,74,3.5903068,26.20457,7.1471467,41.63908
21,Male,India,Instagram,Entertainment,Medium,3,0,74,3.5696902,24.919472,7.1895447,38.523125
13,Female,India,TikTok,Entertainment,Medium,3,1,74,3.5262737,22.882965,7.1239204,39.414593
13,Male,India,TikTok,Entertainment,Medium,3,1,74,3.5690627,25.70506,7.199543,40.047085
18,Female,India,TikTok,Entertainment,Medium,5,1,74,3.6548848,24.257175,7.1532545,40.064766
21,Female,India,TikTok,Entertainment,Medium,4,1,74,3.8145165,25.809956,7.050598,38.574104
25,Female,India,TikTok,Entertainment,Medium,1,1,74,3.611665,24.849075,7.1344285,38.999672
25,Male,India,TikTok,Entertainment,Medium,4,1,74,3.6545672,24.822205,7.175939,39.826374
14,Male,India,YouTube,Entertainment,Medium,1,1,74,3.6546006,25.689383,7.0394516,37.494896
23,Male,India,YouTube,Entertainment,Medium,3,1,74,3.7200954,24.406834,6.9711237,41.387863
16,Female,India,Instagram,Entertainment,Medium,2,0,73,3.8020363,26.517004,6.939702,36.452988
16,Male,India,Instagram,Entertainment,Medium,5,0,73,3.6776948,25.178131,7.190078,39.934105
24,Female,India,Instagram,Socializing,Medium,5,1,73,3.6926467,23.948452,7.1890373,38.301323
25,Female,India,Instagram,Socializing,Medium,1,1,73,3.6280217,25.355005,6.986412,41.605934
15,Male,India,TikTok,Entertainment,Medium,3,1,73,3.6908126,22.752605,7.000772,45.423626
16,Female,India,TikTok,Entertainment,Medium,2,1,73,3.8900304,26.645102,6.865158,41.84928
18,Male,India,TikTok,Entertainment,Medium,1,1,73,3.6422184,27.189997,7.0497866,40.481117
21,Female,India,TikTok,Entertainment,Medium,3,1,73,3.5896554,26.118176,7.0537124,42.132656
22,Male,India,TikTok,Entertainment,Medium,1,1,73,3.7382798,25.156475,6.939205,40.50412
23,Female,India,TikTok,Entertainment,Medium,2,1,73,3.6074276,25.007349,7.1217437,41.522167
18,Male,India,YouTube,Entertainment,Medium,4,1,73,3.676246,24.949694,7.0014253,42.009136
23,Male,India,YouTube,Entertainment,Medium,1,1,73,3.5855858,25.639225,7.43587,41.394413
14,Male,India,Instagram,Entertainment,Medium,4,0,72,3.6958725,27.180798,7.06845,43.640377
17,Female,India,Instagram,Entertainment,Medium,2,0,72,3.8614097,26.224264,6.770854,41.23115
17,Female,India,Instagram,Entertainment,Medium,4,0,72,3.6531975,22.461758,7.144005,39.498493
17,Female,India,Instagram,Socializing,Medium,2,1,72,3.6569118,26.000357,6.891566,38.16967
20,Female,India,Instagram,Entertainment,Medium,1,0,72,3.7985566,23.805002,7.1723695,39.97973
20,Female,India,Instagram,Entertainment,Medium,5,0,72,3.67154,25.2844,7.2700796,40.094654
21,Male,India,Instagram,Entertainment,Medium,2,0,72,3.7637486,27.04153,7.046913,37.757004
23,Male,India,Instagram,Entertainment,Medium,3,0,72,3.8608108,23.749294,6.851252,37.270042
25,Male,India,Instagram,Entertainment,Medium,4,0,72,3.7963767,25.541298,7.033062,41.30085
14,Female,India,TikTok,Entertainment,Medium,1,1,72,3.7134037,26.099024,6.745326,42.326653
27,Male,India,TikTok,Entertainment,Medium,3,1,72,3.6791584,25.771244,6.9315505,37.378967
14,Female,India,YouTube,Socializing,Medium,1,1,72,3.6929698,23.640524,6.89628,36.808224
15,Male,India,YouTube,Entertainment,Medium,5,1,72,3.6987557,24.414066,6.9261637,42.215347
17,Female,India,YouTube,Entertainment,Medium,2,1,72,3.62641,24.418552,7.2809014,41.08503
22,Male,India,YouTube,Entertainment,Medium,1,1,72,3.7663321,23.727453,7.1067657,40.621826
23,Female,India,YouTube,Entertainment,Medium,5,1,72,3.7972426,24.97852,7.0445647,41.481407
16,Male,India,Instagram,Entertainment,Medium,4,0,71,3.62939,22.736315,6.984713,43.322716
19,Male,India,Instagram,Entertainment,Medium,4,0,71,3.8341625,26.2255,6.958206,41.513744
19,Male,India,Instagram,Socializing,Medium,2,1,71,3.6495202,27.97053,7.0986085,42.050117
21,Male,India,Instagram,Entertainment,Medium,5,0,71,3.7763035,24.535826,7.0348787,37.76418
22,Male,India,Instagram,Entertainment,Medium,1,0,71,3.6551697,25.346964,6.9662156,40.05519
23,Male,India,Instagram,Socializing,Medium,2,1,71,3.7481358,27.165447,7.118104,38.713165
24,Female,India,Instagram,Entertainment,Medium,2,1,71,3.7228703,25.674002,6.829299,41.633583
24,Male,India,Instagram,Entertainment,Medium,3,0,71,3.522443,23.49135,7.382415,41.52464
25,Male,India,Instagram,Entertainment,Medium,5,0,71,3.7458663,25.478344,6.969419,44.908092
26,Female,India,Instagram,Entertainment,Medium,2,0,71,3.7255454,25.10641,7.043676,37.34704
26,Male,India,Instagram,Entertainment,Medium,4,0,71,3.7907822,23.887844,6.9646325,40.629368
27,Male,India,Instagram,Entertainment,Medium,5,0,71,3.7038097,25.554455,7.1404395,40.687828
14,Male,India,TikTok,Entertainment,Medium,3,1,71,3.662419,25.59,7.143857,37.588768
19,Female,India,TikTok,Entertainment,Medium,2,1,71,3.5619736,25.88934,7.113939,36.04351
20,Male,India,TikTok,Entertainment,Medium,1,1,71,3.6245613,23.605684,7.162791,38.4399
21,Male,India,TikTok,Entertainment,Medium,3,1,71,3.6651511,25.53116,7.1304827,42.149788
22,Female,India,TikTok,Entertainment,Medium,4,1,71,3.5622087,23.214931,7.10681,35.343204
23,Male,India,TikTok,Entertainment,Medium,4,0,71,3.8197427,25.37967,7.065955,40.848946
26,Male,India,TikTok,Entertainment,Medium,3,1,71,3.867805,26.776169,7.0046973,38.194317
27,Female,India,TikTok,Entertainment,Medium,3,1,71,3.6736112,23.45735,7.0417786,42.893547
20,Male,India,YouTube,Entertainment,Medium,1,1,71,3.8073514,23.857075,6.984941,43.57325
27,Male,India,YouTube,Entertainment,Medium,1,1,71,3.710891,22.899948,7.1233826,39.812748
14,Female,USA,Instagram,Entertainment,Medium,4,1,71,3.7080986,25.468697,7.0475016,39.293865
13,Female,India,Instagram,Socializing,Medium,5,1,70,3.7221446,24.945572,7.183667,41.6336
14,Female,India,Instagram,Entertainment,Medium,5,0,70,3.712803,26.360529,7.157735,39.910816
16,Male,India,Instagram,Entertainment,Medium,2,0,70,3.6241794,26.367727,7.0922484,38.215454
20,Male,India,Instagram,Entertainment,Medium,5,0,70,3.638001,26.46928,7.0272713,40.7992
21,Male,India,Instagram,Socializing,Medium,3,1,70,3.7206254,24.75292,7.270037,35.9892
23,Female,India,Instagram,Education,Medium,4,1,70,3.708964,26.042877,7.018388,44.15615
23,Male,India,Instagram,Socializing,Medium,5,1,70,3.6238277,24.849497,7.1051264,37.24666
24,Female,India,Instagram,Entertainment,Medium,1,0,70,3.6922715,25.992504,7.0519876,40.279156
24,Female,India,Instagram,Entertainment,Medium,5,0,70,3.7360377,25.797153,6.9657617,39.715233
25,Female,India,Instagram,Socializing,Medium,2,1,70,3.6531563,24.72607,7.006883,35.271893
26,Male,India,Instagram,Socializing,Medium,1,1,70,3.6575992,25.434446,7.158404,38.233543
20,Female,India,TikTok,Entertainment,Medium,1,1,70,3.6483395,23.262413,6.899066,39.233818
22,Male,India,TikTok,Entertainment,Medium,4,1,70,3.6779335,24.16055,7.036199,43.315052
25,Female,India,TikTok,Entertainment,Medium,3,0,70,3.738057,23.592075,6.907656,40.02465
26,Female,India,TikTok,Entertainment,Medium,1,0,70,3.6921425,25.702496,6.9220862,40.46291
16,Male,India,YouTube,Entertainment,Medium,5,1,70,3.5598054,23.685614,7.001994,39.123238
19,Female,India,YouTube,Entertainment,Medium,3,1,70,3.6065698,27.212818,7.187606,37.57973
19,Female,India,YouTube,Entertainment,Medium,4,0,70,3.630478,25.437815,7.140254,41.40925
19,Male,India,YouTube,Socializing,Medium,1,1,70,3.6792228,23.299356,7.044739,43.17761
22,Female,India,YouTube,Entertainment,Medium,2,1,70,3.5817513,25.376484,7.1951995,40.944653
22,Female,India,YouTube,Entertainment,Medium,5,1,70,3.7873302,26.460743,6.827571,36.760963
22,Male,India,YouTube,Entertainment,Medium,5,1,70,3.6480198,25.6781,7.091281,40.83595
13,Female,USA,Instagram,Entertainment,Medium,2,1,70,3.6179104,25.31458,7.1591177,41.30673
13,Female,USA,Instagram,Entertainment,Medium,3,1,70,3.5598648,26.370096,7.059114,40.586475
15,Male,USA,Instagram,Entertainment,Medium,2,1,70,3.848861,24.973692,7.2121034,42.532448
16,Female,USA,Instagram,Entertainment,Medium,4,1,70,3.6468456,25.699757,7.093202,42.482895
18,Male,India,Instagram,Entertainment,Medium,2,0,69,3.6748447,26.759281,7.049085,42.088093
19,Female,India,Instagram,Socializing,Medium,3,1,69,3.5506978,23.10854,7.46159,39.906067
23,Female,India,Instagram,Entertainment,Medium,1,0,69,3.7293243,26.090368,6.9721613,43.937847
26,Female,India,Instagram,Socializing,Medium,3,1,69,3.6130295,24.778784,7.0142455,40.029663
13,Male,India,TikTok,Entertainment,Medium,5,0,69,3.6745899,24.308691,6.98843,36.517616
27,Female,India,TikTok,Entertainment,Medium,1,1,69,3.7824874,25.140636,6.877597,39.63091
14,Female,India,YouTube,Entertainment,Medium,1,1,69,3.769104,24.630466,6.982473,37.236015
14,Female,India,YouTube,Entertainment,Medium,2,1,69,3.7166786,25.482365,6.9204035,40.120277
15,Female,India,YouTube,Entertainment,Medium,3,1,69,3.761483,25.800562,7.175402,37.47294
15,Female,India,YouTube,Entertainment,Medium,4,0,69,3.6480312,25.708185,6.793248,41.419655
15,Male,India,YouTube,Entertainment,Medium,1,1,69,3.7572587,24.382778,7.1778555,40.672066
17,Male,India,YouTube,Entertainment,Medium,3,1,69,3.6572158,25.02021,7.104726,35.146748
18,Female,India,YouTube,Entertainment,Medium,1,1,69,3.7171993,24.498735,7.216367,39.130913
25,Male,India,YouTube,Entertainment,Medium,3,1,69,3.8430107,23.793377,6.865805,42.553596
27,Female,India,YouTube,Entertainment,Medium,4,1,69,3.788901,25.756481,6.917737,37.81234
17,Male,USA,Instagram,Entertainment,Medium,4,1,69,3.6516883,25.284805,7.1060843,40.339165
26,Male,USA,Instagram,Entertainment,Medium,4,1,69,3.7584271,24.293644,7.1127715,38.170326
13,Male,India,Instagram,Entertainment,Medium,3,0,68,3.6739917,24.440735,7.0398893,42.013878
13,Male,India,Instagram,Socializing,Medium,4,1,68,3.6326127,24.146961,7.2807145,38.895092
14,Female,India,Instagram,Socializing,Medium,1,1,68,3.8374286,23.660753,6.857103,38.09721
17,Male,India,Instagram,Entertainment,Medium,4,0,68,3.6125,26.584015,7.0544844,36.90995
17,Male,India,Instagram,Socializing,Medium,3,1,68,3.6064765,24.760462,7.28374,40.719852
18,Male,India,Instagram,Socializing,Medium,4,1,68,3.7406204,25.34122,6.903983,43.74936
20,Male,India,Instagram,Socializing,Medium,1,1,68,3.650957,22.120901,7.061197,39.580154
22,Female,India,Instagram,Entertainment,Medium,2,0,68,3.7408605,23.445105,7.0452538,38.148666
22,Female,India,Instagram,Entertainment,Medium,5,0,68,3.614956,26.892563,7.0051537,40.24369
23,Female,India,Instagram,Entertainment,Medium,2,0,68,3.6408877,25.515326,7.072995,40.412
